test_run = require('test_run').new()
---
...
engine = test_run:get_cfg('engine')
---
...
box.sql.execute('pragma sql_default_engine=\''..engine..'\'')
---
...
-- box.cfg()
-- create space
box.sql.execute("CREATE TABLE zoobar (c1 INT, c2 INT PRIMARY KEY, c3 TEXT, c4 INT)")
---
...
box.sql.execute("CREATE UNIQUE INDEX zoobar2 ON zoobar(c1, c4)")
---
...
-- Debug
-- box.sql.execute("PRAGMA vdbe_debug=ON;")
-- Seed entry
for i=1, 100 do box.sql.execute(string.format("INSERT INTO zoobar VALUES (%d, %d, 'c3', 444)", i+i, i)) end
---
...
-- Check table is not empty
box.sql.execute("SELECT * FROM zoobar")
---
- - [2, 1, 'c3', 444]
  - [4, 2, 'c3', 444]
  - [6, 3, 'c3', 444]
  - [8, 4, 'c3', 444]
  - [10, 5, 'c3', 444]
  - [12, 6, 'c3', 444]
  - [14, 7, 'c3', 444]
  - [16, 8, 'c3', 444]
  - [18, 9, 'c3', 444]
  - [20, 10, 'c3', 444]
  - [22, 11, 'c3', 444]
  - [24, 12, 'c3', 444]
  - [26, 13, 'c3', 444]
  - [28, 14, 'c3', 444]
  - [30, 15, 'c3', 444]
  - [32, 16, 'c3', 444]
  - [34, 17, 'c3', 444]
  - [36, 18, 'c3', 444]
  - [38, 19, 'c3', 444]
  - [40, 20, 'c3', 444]
  - [42, 21, 'c3', 444]
  - [44, 22, 'c3', 444]
  - [46, 23, 'c3', 444]
  - [48, 24, 'c3', 444]
  - [50, 25, 'c3', 444]
  - [52, 26, 'c3', 444]
  - [54, 27, 'c3', 444]
  - [56, 28, 'c3', 444]
  - [58, 29, 'c3', 444]
  - [60, 30, 'c3', 444]
  - [62, 31, 'c3', 444]
  - [64, 32, 'c3', 444]
  - [66, 33, 'c3', 444]
  - [68, 34, 'c3', 444]
  - [70, 35, 'c3', 444]
  - [72, 36, 'c3', 444]
  - [74, 37, 'c3', 444]
  - [76, 38, 'c3', 444]
  - [78, 39, 'c3', 444]
  - [80, 40, 'c3', 444]
  - [82, 41, 'c3', 444]
  - [84, 42, 'c3', 444]
  - [86, 43, 'c3', 444]
  - [88, 44, 'c3', 444]
  - [90, 45, 'c3', 444]
  - [92, 46, 'c3', 444]
  - [94, 47, 'c3', 444]
  - [96, 48, 'c3', 444]
  - [98, 49, 'c3', 444]
  - [100, 50, 'c3', 444]
  - [102, 51, 'c3', 444]
  - [104, 52, 'c3', 444]
  - [106, 53, 'c3', 444]
  - [108, 54, 'c3', 444]
  - [110, 55, 'c3', 444]
  - [112, 56, 'c3', 444]
  - [114, 57, 'c3', 444]
  - [116, 58, 'c3', 444]
  - [118, 59, 'c3', 444]
  - [120, 60, 'c3', 444]
  - [122, 61, 'c3', 444]
  - [124, 62, 'c3', 444]
  - [126, 63, 'c3', 444]
  - [128, 64, 'c3', 444]
  - [130, 65, 'c3', 444]
  - [132, 66, 'c3', 444]
  - [134, 67, 'c3', 444]
  - [136, 68, 'c3', 444]
  - [138, 69, 'c3', 444]
  - [140, 70, 'c3', 444]
  - [142, 71, 'c3', 444]
  - [144, 72, 'c3', 444]
  - [146, 73, 'c3', 444]
  - [148, 74, 'c3', 444]
  - [150, 75, 'c3', 444]
  - [152, 76, 'c3', 444]
  - [154, 77, 'c3', 444]
  - [156, 78, 'c3', 444]
  - [158, 79, 'c3', 444]
  - [160, 80, 'c3', 444]
  - [162, 81, 'c3', 444]
  - [164, 82, 'c3', 444]
  - [166, 83, 'c3', 444]
  - [168, 84, 'c3', 444]
  - [170, 85, 'c3', 444]
  - [172, 86, 'c3', 444]
  - [174, 87, 'c3', 444]
  - [176, 88, 'c3', 444]
  - [178, 89, 'c3', 444]
  - [180, 90, 'c3', 444]
  - [182, 91, 'c3', 444]
  - [184, 92, 'c3', 444]
  - [186, 93, 'c3', 444]
  - [188, 94, 'c3', 444]
  - [190, 95, 'c3', 444]
  - [192, 96, 'c3', 444]
  - [194, 97, 'c3', 444]
  - [196, 98, 'c3', 444]
  - [198, 99, 'c3', 444]
  - [200, 100, 'c3', 444]
...
-- Do clean up
box.sql.execute("DELETE FROM zoobar")
---
...
-- Make sure table is empty
box.sql.execute("SELECT * from zoobar")
---
- []
...
-- Cleanup
box.sql.execute("DROP INDEX zoobar2 ON zoobar")
---
...
box.sql.execute("DROP TABLE zoobar")
---
...
-- Debug
-- require("console").start()
